0106151014,116.02156229156425,39.87164754127343, * ,0106151014,116.02191533711233,39.87069352663956
8630737536,116.01917705519695,40.0043210780234, * ,8630737536,116.01923525532894,40.004364252161324
0106151014,116.02156229156425,39.87164754127343, * ,0106151014,116.02191533711233,39.87069352663956
8630205126,116.02680243583653,39.888146531221174, * ,8630205126,116.02660676479374,39.887803955821106
8630205126,116.02680243583653,39.888146531221174, * ,8630205126,116.02660676479374,39.887803955821106
8630737536,116.01917705519695,40.0043210780234, * ,8630737536,116.01923525532894,40.004364252161324
0106151014,116.02156229156425,39.87164754127343, * ,0106151014,116.02191533711233,39.87069352663956
8630205126,116.02680243583653,39.888146531221174, * ,8630205126,116.02660676479374,39.887803955821106
8630585428,116.04262142166915,39.98694119412764, * ,8630585428,116.04267152139155,39.98663930730586
8630585428,116.04262142166915,39.98694119412764, * ,8630585428,116.04267152139155,39.98663930730586
0226624703,116.05367455991797,39.88506282578996, * ,0226624703,116.05372171061943,39.88539194324829
8630585428,116.04262142166915,39.98694119412764, * ,8630585428,116.04267152139155,39.98663930730586
8630585428,116.04262142166915,39.98694119412764, * ,8630585428,116.04267152139155,39.98663930730586
0106795030,116.07045303763387,39.65226341085004, * ,0106795030,116.07025665446749,39.65153597768129
0106724631,116.06390601589216,39.7137984716838, * ,0106724631,116.06356745275342,39.71423792683836
0226624703,116.05367455991797,39.88506282578996, * ,0226624703,116.05372171061943,39.88539194324829
0226624703,116.05367455991797,39.88506282578996, * ,0226624703,116.05372171061943,39.88539194324829
0106795030,116.07045303763387,39.65226341085004, * ,0106795030,116.07025665446749,39.65153597768129
0106795030,116.07045303763387,39.65226341085004, * ,0106795030,116.07025665446749,39.65153597768129
0100030670,116.0679644764877,39.67031072374658, * ,0100030670,116.06825588851144,39.6698771191386
0106724631,116.06390601589216,39.7137984716838, * ,0106724631,116.06356745275342,39.71423792683836
0106795030,116.07045303763387,39.65226341085004, * ,0106795030,116.07025665446749,39.65153597768129
0106795030,116.07045303763387,39.65226341085004, * ,0106795030,116.07025665446749,39.65153597768129
0100030670,116.0679644764877,39.67031072374658, * ,0100030670,116.06825588851144,39.6698771191386
0106724631,116.06390601589216,39.7137984716838, * ,0106724631,116.06356745275342,39.71423792683836
0106014187,116.08151699422149,39.94208840526641, * ,0106014187,116.08172530096934,39.943069659507614
8610008285,116.07966988047244,40.00124776875279, * ,8610008285,116.07957378357533,40.00122865998612
0106785912,116.07919859150846,40.002641294710166, * ,0106785912,116.07927367633334,40.00271438344858
8650073522,116.0792316302711,40.00268433425116, * ,8650073522,116.07918158929931,40.002757280236125
0106608198,116.08018159124417,39.72127497453641, * ,0106608198,116.07959809690384,39.72179939530518
8630161444,116.08350227723953,39.939438277223815, * ,8630161444,116.0833832285869,39.93976817667764
8630161444,116.08350227723953,39.939438277223815, * ,8630161444,116.0833832285869,39.93976817667764
8610008285,116.07966988047244,40.00124776875279, * ,8610008285,116.07957378357533,40.00122865998612
0106785912,116.07919859150846,40.002641294710166, * ,0106785912,116.07927367633334,40.00271438344858
8650073522,116.0792316302711,40.00268433425116, * ,8650073522,116.07918158929931,40.002757280236125
0106821968,116.07923063351305,40.00271733452219, * ,0106821968,116.0791865930553,40.00274728552693
0106221664,116.08767086683321,39.766784173029095, * ,0106221664,116.08907663086686,39.76750527483187
0106221664,116.08767086683321,39.766784173029095, * ,0106221664,116.08907663086686,39.76750527483187
8650036370,116.0938375713982,39.93557956753847, * ,8650036370,116.09362559074644,39.936012480353504
0106066695,116.09346946418856,39.94303168039087, * ,0106066695,116.09112296841805,39.94381440333041
0106771426,116.09398265772565,39.943852965801995, * ,0106771426,116.09370970558366,39.94457486112176
8630161444,116.08350227723953,39.939438277223815, * ,8630161444,116.0833832285869,39.93976817667764
8630103451,116.0901932553769,40.002987185664445, * ,8630103451,116.09031630540991,40.00301926697289
8630581391,116.09179819786296,39.99842698128933, * ,8630581391,116.09135510781236,39.998747733315675
8650036370,116.0938375713982,39.93557956753847, * ,8650036370,116.09362559074644,39.936012480353504
0106119401,116.097258054148,39.93757305342853, * ,0106119401,116.09722709675559,39.93789705594095
8630459891,116.09451142499942,39.933676810071866, * ,8630459891,116.09371708173006,39.93192536202124
8630813415,116.09379036430329,39.93402848244744, * ,8630813415,116.0939973544913,39.93369156943804
0106771426,116.09398265772565,39.943852965801995, * ,0106771426,116.09370970558366,39.94457486112176
0106537546,116.09831978738595,39.943796629808475, * ,0106537546,116.09861070937782,39.94341969655435
0106066695,116.09346946418856,39.94303168039087, * ,0106066695,116.09112296841805,39.94381440333041
0100046211,116.0995597605699,39.95260729743565, * ,0100046211,116.09963279369552,39.952959328026424
8630453053,116.09921319833042,40.00219620786927, * ,8630453053,116.09915423095661,40.00238420122692
8630958357,116.09212888789564,40.003080368163346, * ,8630958357,116.09202987145765,40.00315831530522
8630453053,116.09921319833042,40.00219620786927, * ,8630453053,116.09915423095661,40.00238420122692
8630103451,116.0901932553769,40.002987185664445, * ,8630103451,116.09031630540991,40.00301926697289
0226544343,116.10375041139933,39.93580321557322, * ,0226544343,116.10342564915554,39.936659232435815
8630780318,116.1060101248954,39.94176544527384, * ,8630780318,116.10570335944809,39.94234748237761
0100046211,116.0995597605699,39.95260729743565, * ,0100046211,116.09963279369552,39.952959328026424
8630453053,116.09921319833042,40.00219620786927, * ,8630453053,116.09915423095661,40.00238420122692
0106264230,116.11347923848585,39.719749617349336, * ,0106264230,116.11441540470767,39.72026231869553
0106264230,116.11347923848585,39.719749617349336, * ,0106264230,116.11441540470767,39.72026231869553
8630237428,116.11276016523364,39.90180644736879, * ,8630237428,116.11308999025675,39.90277437582742
8630237428,116.11276016523364,39.90180644736879, * ,8630237428,116.11308999025675,39.90277437582742
0106645413,116.11603714374407,39.918998850488045, * ,0106645413,116.1152670021409,39.91937922055037
8630453496,116.12312227008441,40.05877662726863, * ,8630453496,116.12274579702908,40.058717904615534
8630784530,116.1267133717191,39.96203426152473, * ,8630784530,116.12563802225914,39.961721181043664
8630453496,116.12312227008441,40.05877662726863, * ,8630453496,116.12274579702908,40.058717904615534
8630453496,116.12312227008441,40.05877662726863, * ,8630453496,116.12274579702908,40.058717904615534
0100135549,116.1272388028246,40.07285906315036, * ,0100135549,116.12691837589527,40.073287378122856
8650061922,116.12563537717472,40.07309948186702, * ,8650061922,116.12606176709095,40.07352214448129
8630042652,116.13754718725795,39.72445120160242, * ,8630042652,116.13806123395963,39.72528166337849
8630042652,116.13754718725795,39.72445120160242, * ,8630042652,116.13806123395963,39.72528166337849
8630901559,116.14254714132741,40.05834947277446, * ,8630901559,116.14221888684578,40.058445932303314
8630362706,116.13694201934638,40.10400786665207, * ,8630362706,116.13651792218617,40.104341409922945
8630811478,116.13901090138862,40.10536537102501, * ,8630811478,116.139504807045,40.10501170364702
8630364657,116.14070745707608,40.10687826345832, * ,8630364657,116.14112044344071,40.1060106406247
8650073520,116.14203978826185,39.89865915435609, * ,8650073520,116.1425256560949,39.89826146528941
8631015827,116.14517704095093,39.90941218918982, * ,8631015827,116.14473613648408,39.909999854389646
8630901559,116.14254714132741,40.05834947277446, * ,8630901559,116.14221888684578,40.058445932303314
0106156274,116.14543588798033,40.09992810346539, * ,0106156274,116.14741516407746,40.099607137378754
0106711509,116.14691458329078,40.10134302201998, * ,0106711509,116.14652645697502,40.10096957325423
0106711509,116.14691458329078,40.10134302201998, * ,0106711509,116.14652645697502,40.10096957325423
8630364657,116.14070745707608,40.10687826345832, * ,8630364657,116.14112044344071,40.1060106406247
8630811478,116.13901090138862,40.10536537102501, * ,8630811478,116.139504807045,40.10501170364702
0106156274,116.14543588798033,40.09992810346539, * ,0106156274,116.14741516407746,40.099607137378754
8650050816,116.15229754450301,40.07172957672819, * ,8650050816,116.1518865910866,40.071801244002195
8630457950,116.15823383503916,40.085112528261135, * ,8630457950,116.15854898932652,40.08506898148616
0106711509,116.14691458329078,40.10134302201998, * ,0106711509,116.14652645697502,40.10096957325423
0106156274,116.14543588798033,40.09992810346539, * ,0106156274,116.14741516407746,40.099607137378754
8630781062,116.15047573225134,40.115421666405595, * ,8630781062,116.15091954198894,40.11475790807119
8630781062,116.15047573225134,40.115421666405595, * ,8630781062,116.15091954198894,40.11475790807119
0106671828,116.16448946629046,39.81527593372897, * ,0106671828,116.1638112770988,39.814848124638665
0106506736,116.16278070339283,39.89840081727323, * ,0106506736,116.16312070812562,39.897890185798786
8630805217,116.15997520665626,39.90543709485997, * ,8630805217,116.16037021079521,39.905967426015586
8630330225,116.1625783167106,40.05560706484876, * ,8630330225,116.16292033562998,40.05526143444965
8630457950,116.15823383503916,40.085112528261135, * ,8630457950,116.15854898932652,40.08506898148616
0106671828,116.16448946629046,39.81527593372897, * ,0106671828,116.1638112770988,39.814848124638665
0106546703,116.1690329238142,39.90281064015299, * ,0106546703,116.16841370827382,39.90319179952415
8630106684,116.18028598613176,39.74353686823505, * ,8630106684,116.17988502743967,39.742797535732976
8630885993,116.1759040958734,39.77293421237958, * ,8630885993,116.18252679689934,39.7844318509482
0106616264,116.17532180514084,39.892167427777764, * ,0106616264,116.17395872020488,39.892554001450804
8630106684,116.18028598613176,39.74353686823505, * ,8630106684,116.17988502743967,39.742797535732976
8630018252,116.18802841368532,39.86408326025086, * ,8630018252,116.18771004188646,39.86204873480349
8630784941,116.18279435566342,40.047841149463395, * ,8630784941,116.18323013536357,40.04793433976423
0106524618,116.18289594034046,40.046834905158654, * ,0106524618,116.1824422057018,40.04668974625336
8630781964,116.18162590142077,40.081110338816806, * ,8630781964,116.18121808537404,40.08132111748573
8650068687,116.18700611775671,40.115527899634344, * ,8650068687,116.18641970970576,40.11513295121415
8630018252,116.18802841368532,39.86408326025086, * ,8630018252,116.18771004188646,39.86204873480349
8650068687,116.18700611775671,40.115527899634344, * ,8650068687,116.18641970970576,40.11513295121415
0106172199,116.19921828527808,39.88803655672663, * ,0106172199,116.16845692594585,39.91373318013306
8630915144,116.20320414025659,39.951676597733176, * ,8630915144,116.20387343321748,39.95135449397924
8630376614,116.19913445699568,40.08577096318954, * ,8630376614,116.1987973207107,40.08565853197226
8610002335,116.20297362372501,40.09351308015442, * ,8610002335,116.2025875796864,40.09339570648013
0106243545,116.20848136638038,39.880212152813506, * ,0106243545,116.20808234904071,39.88055478131854
8630915144,116.20320414025659,39.951676597733176, * ,8630915144,116.20387343321748,39.95135449397924
8630459812,116.20192592729202,40.051323134281425, * ,8630459812,116.20248447282985,40.05098519123332
8630333441,116.20593154884165,40.07955534369395, * ,8630333441,116.20628470633203,40.0796667933616
0100087861,116.2133896874969,40.12256244613584, * ,0100087861,116.21526074097977,40.12344392659227
0106614416,116.20911600472905,39.84123501048403, * ,0106614416,116.20842756746288,39.84085503400747
0106590294,116.21671535733333,39.86615665315779, * ,0106590294,116.21631814689857,39.86585516521718
0100087861,116.2133896874969,40.12256244613584, * ,0100087861,116.21526074097977,40.12344392659227
0106569047,116.22058218799087,40.181203235443114, * ,0106569047,116.22113319595314,40.18176564099546
0106569047,116.22058218799087,40.181203235443114, * ,0106569047,116.22113319595314,40.18176564099546
0106072626,116.22341404883323,39.86412830145641, * ,0106072626,116.22301583102819,39.86457077883278
8630875467,116.22457796973828,39.880241843237144, * ,8630875467,116.22396689973684,39.87896245523021
8630161143,116.22497426445882,39.92825055596902, * ,8630161143,116.2246239211973,39.92856395065007
8630460914,116.22387220772221,40.07961484441242, * ,8630460914,116.22417263841345,40.07938649454902
8630087820,116.22630346388932,40.131427304523974, * ,8630087820,116.22663899375657,40.13221903017484
0106569047,116.22058218799087,40.181203235443114, * ,0106569047,116.22113319595314,40.18176564099546
8650033066,116.22903573169422,40.22466032295944, * ,8650033066,116.22951102823258,40.22503593373712
0106059415,116.23164162438817,39.88103393098695, * ,0106059415,116.23121120033333,39.880560284337655
0106203142,116.23268593408935,39.90363810151137, * ,0106203142,116.23232949508903,39.904058419246425
8610010215,116.23137318577182,40.08223351584901, * ,8610010215,116.23095275450062,40.08176685657216
8618766298,116.22899466564824,40.08085760603249, * ,8618766298,116.22932516482928,40.08103030313379
8630582734,116.23275080498817,40.08716167542309, * ,8630582734,116.23336791576425,40.086992157101356
8630087820,116.22630346388932,40.131427304523974, * ,8630087820,116.22663899375657,40.13221903017484
8650033066,116.22903573169422,40.22466032295944, * ,8650033066,116.22951102823258,40.22503593373712
8650033066,116.22903573169422,40.22466032295944, * ,8650033066,116.22951102823258,40.22503593373712
8630586262,116.23954334911015,39.83970983781834, * ,8630586262,116.23907781335724,39.83929509115429
8630140362,116.23641718617213,40.2164768772884, * ,8630140362,116.24072851364298,40.218771529582746
0226623081,116.24577505386854,39.658293995368346, * ,0226623081,116.24540928627455,39.6578090429836
0106014366,116.25041711536755,40.062928996582315, * ,0106014366,116.2507779532011,40.06323194829149
0106172258,116.2464561474612,40.07415273647711, * ,0106172258,116.24614334767286,40.073827823714296
8630805127,116.25007561178565,40.15304935474792, * ,8630805127,116.24953399725908,40.15354952421015
8630183443,116.25556817082554,40.200719730859035, * ,8630183443,116.25612709274762,40.20138783457993
8630018231,116.25657586191929,40.04100132569782, * ,8630018231,116.2569528531084,40.04166137888103
0106664374,116.25844147588185,40.04096446987326, * ,0106664374,116.25800255938032,40.041041427625075
0106666441,116.25697533700993,40.05357502292853, * ,0106666441,116.2576311837834,40.053477063670904
8650004331,116.25352303685249,40.05835932023592, * ,8650004331,116.25317424103866,40.0588333753383
0106844694,116.25307415474163,40.07378529056933, * ,0106844694,116.2527281796724,40.07277325983786
0106708651,116.25610622429689,40.14669614804171, * ,0106708651,116.25641418073403,40.14700818954263
8630183443,116.25556817082554,40.200719730859035, * ,8630183443,116.25612709274762,40.20138783457993
8630940541,116.25803628661657,40.21432387449504, * ,8630940541,116.25703542793482,40.2138207183469
8630768713,116.26365732773716,39.91239912247943, * ,8630768713,116.26402132605978,39.91204822307699
8630372439,116.26351394477598,40.005849871135126, * ,8630372439,116.26421200744224,40.00570308686797
8650004711,116.26585352705183,40.031613876366514, * ,8650004711,116.26656975962176,40.03214019283697
8630260440,116.26771808072392,40.08014843975941, * ,8630260440,116.26735798520448,40.08024428242577
8630940541,116.25803628661657,40.21432387449504, * ,8630940541,116.25703542793482,40.2138207183469
8630940541,116.25803628661657,40.21432387449504, * ,8630940541,116.25703542793482,40.2138207183469
8650062679,116.2722690222643,39.82325033576777, * ,8650062679,116.27257622812131,39.82358355365825
0106729455,116.27217793071232,39.92773075517568, * ,0106729455,116.27306245370826,39.928055334539614
8630571040,116.26986761478962,40.0141949297665, * ,8630571040,116.27027281118231,40.01439616074078
8618752664,116.27138646889031,40.06360233943362, * ,8618752664,116.27176669572415,40.06390858657385
8610013904,116.27242910903635,40.080443037653446, * ,8610013904,116.2719889079407,40.080687778900966
0106744940,116.27420704661107,40.09567928239766, * ,0106744940,116.27377293822252,40.096934076119396
0100018293,116.27295143383759,40.12864414218708, * ,0100018293,116.27338560145917,40.12799836938441
0100158352,116.27899356604047,39.903296794338345, * ,0100158352,116.27988220124446,39.90223352710703
8630464774,116.27967543467307,40.001978406885875, * ,8630464774,116.27928210095743,40.00203406360363
0106025738,116.27923989329484,40.064707172159046, * ,0106025738,116.27882553393903,40.06463781021937
8630928297,116.28055993603783,40.207149378169696, * ,8630928297,116.28115231324337,40.20576972237628
8630928297,116.28055993603783,40.207149378169696, * ,8630928297,116.28115231324337,40.20576972237628
0106793425,116.29457818332567,39.679293547794465, * ,0106793425,116.29500390677728,39.680010238645444
8630123975,116.29501888242653,39.67963019718621, * ,8630123975,116.29389616495168,39.67917461864214
0106151835,116.28706497181645,39.83205699451785, * ,0106151835,116.2881513452393,39.83248126258929
0100089573,116.28768956069592,39.95950583530335, * ,0100089573,116.28730824633934,39.96069544811833
8617013907,116.28880002874038,39.96020415131303, * ,8617013907,116.28922450223766,39.959661632430766
8630400939,116.28711181723246,39.9591451655762, * ,8630400939,116.28761647030895,39.95949575140497
8630466141,116.28905656960916,40.00201014660179, * ,8630466141,116.28840071059554,40.00176936572485
8630928297,116.28055993603783,40.207149378169696, * ,8630928297,116.28115231324337,40.20576972237628
8630123975,116.29501888242653,39.67963019718621, * ,8630123975,116.29389616495168,39.67917461864214
0106793425,116.29457818332567,39.679293547794465, * ,0106793425,116.29500390677728,39.680010238645444
0106627064,116.29752667182615,39.67893956634462, * ,0106627064,116.2970050646545,39.68070011470555
0106724273,116.2984235456464,39.68246842181392, * ,0106724273,116.29806403254436,39.68301199145943
0106230328,116.29582191769529,39.88019272818366, * ,0106230328,116.29616941506053,39.87989119306197
8630209457,116.29750244737578,40.05568678884233, * ,8630209457,116.2971869541606,40.05575434608486
0106079840,116.29376367178456,40.095113201497924, * ,0106079840,116.29339013804695,40.09518971598907
0106083425,116.30614579344272,39.61585271207976, * ,0106083425,116.30583037572123,39.617205496295014
8630583114,116.3086858270248,39.658291332619655, * ,8630583114,116.30916881316368,39.65872221860223
0106724273,116.2984235456464,39.68246842181392, * ,0106724273,116.29806403254436,39.68301199145943
8650009927,116.30481093091043,39.871153642687595, * ,8650009927,116.30447235960114,39.87151412384971
8630465142,116.30380742788486,40.09759194125633, * ,8630465142,116.30425426483036,40.097825662004816
8630000721,116.30582995681921,40.20732300601351, * ,8630000721,116.30619170201604,40.207874672212114
8630583114,116.3086858270248,39.658291332619655, * ,8630583114,116.30916881316368,39.65872221860223
8630375931,116.31197811983374,39.74576066010348, * ,8630375931,116.31259241809737,39.74624977960997
0106578305,116.31067611802094,39.7586108299497, * ,0106578305,116.31114926318858,39.76027881312113
0106629403,116.31136357692331,39.82379464051703, * ,0106629403,116.31170837231195,39.82464629270748
0106098767,116.31157013294523,39.897202117080404, * ,0106098767,116.31104614753858,39.89768824010854
8610116630,116.31182757951609,39.96067517186183, * ,8610116630,116.31223221469092,39.95923581462996
0106604744,116.31218527008177,40.064098565059794, * ,0106604744,116.3118176271223,40.06488297690727
8630784746,116.31286078140364,40.081121808909174, * ,8630784746,116.31323946786402,40.080434423748315
8650068626,116.31485378790697,40.1200522650904, * ,8650068626,116.31521041323015,40.119116817360585
8630206940,116.31545573511119,40.14138530755897, * ,8630206940,116.3150588577304,40.14100356447132
8630000721,116.30582995681921,40.20732300601351, * ,8630000721,116.30619170201604,40.207874672212114
0106704329,116.32019706865664,39.73576218046064, * ,0106704329,116.31929825349572,39.736762651724426
8610117981,116.31998271066752,39.833090622882644, * ,8610117981,116.31960082475473,39.83260489020778
0106045547,116.31976112649643,39.96823561541084, * ,0106045547,116.32007375940587,39.96787917543429
0226552128,116.31985519206965,39.98307937840095, * ,0226552128,116.3194273150614,39.98346760971847
0106227796,116.31964203576563,40.03327920362175, * ,0106227796,116.31921303288628,40.0326783885913
0106717911,116.31857357871353,40.04001559116311, * ,0106717911,116.31908350565196,40.03866045179061
0106608718,116.31848631854115,40.039436402618655, * ,0106608718,116.3192618724356,40.038516770479546
0106223462,116.31945869430689,40.06550862293018, * ,0106223462,116.31902076155886,40.065611828380376
8630589163,116.32170733804762,40.079321635006906, * ,8630589163,116.32106090312477,40.0791834292236
0106628627,116.32420718252322,40.137202936971455, * ,0106628627,116.32334935415385,40.13784539270965
8630206940,116.31545573511119,40.14138530755897, * ,8630206940,116.3150588577304,40.14100356447132
8630206940,116.31545573511119,40.14138530755897, * ,8630206940,116.3150588577304,40.14100356447132
0106850291,116.32800571675352,39.6903245938863, * ,0106850291,116.32732022301352,39.69071935347473
8630964729,116.32686189711555,39.78484476073947, * ,8630964729,116.32753127421074,39.78381093696172
8630133054,116.32758860419834,39.897480358407826, * ,8630133054,116.32803865922442,39.89778822706847
0226621925,116.32746294531614,39.894482982919364, * ,0226621925,116.32610903108151,39.89553446755557
0106010370,116.32847340839865,39.93579865847672, * ,0106010370,116.32811764746394,39.93615199613876
8630460886,116.32797243919273,39.96100569826617, * ,8630460886,116.32692798438714,39.96023468654185
0106112661,116.32901474216482,40.0479225260575, * ,0106112661,116.32869498354133,40.04766590348871
0106628627,116.32420718252322,40.137202936971455, * ,0106628627,116.32334935415385,40.13784539270965
0106207092,116.33644633605248,39.765968269834765, * ,0106207092,116.33547631582702,39.7675455712611
8650003975,116.33503240056665,39.90417187553331, * ,8650003975,116.33589943740938,39.90457855346602
0106219451,116.33637445175837,39.96760901557099, * ,0106219451,116.33602970644496,39.96796636986718
0106039508,116.33668621612958,40.07099253284203, * ,0106039508,116.33517966132737,40.07023560218782
0100151135,116.33353614049064,40.07222157834979, * ,0100151135,116.33286455537096,40.07186326997855
0106075835,116.34455429601408,40.00882523540805, * ,0106075835,116.34421849329162,40.00846859004795
8630201536,116.35308377113537,39.83992021207506, * ,8630201536,116.3516878736702,39.84072476833159
0106798141,116.35097111599998,39.839089374217615, * ,0106798141,116.35171485497422,39.84011277838575
0106583583,116.35316699542851,39.95920797036679, * ,0106583583,116.35248167706416,39.96040679677826
0106102040,116.35246440382268,39.95853969280213, * ,0106102040,116.3531228643284,39.958917880613555
0106534706,116.35221011242933,40.0079682510805, * ,0106534706,116.35160472442489,40.00734313772196
8650033188,116.35218792835799,40.006893164446076, * ,8650033188,116.3518733678353,40.007831641614985
8630145490,116.35461115133882,40.05453280022516, * ,8630145490,116.35502906710947,40.05479354661733
8630371910,116.3516520915676,40.072487609014345, * ,8630371910,116.35134244180004,40.07266406284842
0106075131,116.35244064006926,40.079126448526196, * ,0106075131,116.35202894660456,40.08066381316552
0106074284,116.35837566610282,39.75926575226068, * ,0106074284,116.3578656902346,39.759753939666254
0106622304,116.35853195331025,39.75903099136161, * ,0106622304,116.35904406303031,39.75963591568522
8630275088,116.35974971284196,39.94390770766635, * ,8630275088,116.36028484829049,39.944439615991264
8630937844,116.35851723605619,40.007098193238214, * ,8630937844,116.35906532727049,40.00694310833436
8650073578,116.36154263670107,40.0492402492251, * ,8650073578,116.36107172237915,40.04933648572459
0100204743,116.36163546607081,40.07788410322147, * ,0100204743,116.36122785025199,40.079338533989905
8630576240,116.36947348545884,39.66300180919051, * ,8630576240,116.36867604536894,39.662531570298505
8650060781,116.36759368018518,39.94444311842564, * ,8650060781,116.36726314145051,39.94486664179466
8630475138,116.36774891050943,39.95195564485213, * ,8630475138,116.36817963672681,39.951650269976774
0106637571,116.36829584667548,39.96743806075377, * ,0106637571,116.36863949675545,39.967792578656145
0100127340,116.3647242892408,40.02209895390976, * ,0100127340,116.36509596130077,40.021919522885845
8630585186,116.36737248765711,40.03258949939628, * ,8630585186,116.36772513092602,40.03268002926232
8650073505,116.36772586215574,40.116774480522125, * ,8650073505,116.36834913104899,40.11802750775335
8630928702,116.37490268980227,39.88004449118953, * ,8630928702,116.37600925161411,39.87912985243196
0106123945,116.37692186172374,39.96778874431981, * ,0106123945,116.37630800064925,39.96813599896472
0106074354,116.3749411042537,40.00874594106954, * ,0106074354,116.37554782463822,40.00712564563027
0106820375,116.3752323185683,40.006923234870754, * ,0106820375,116.37462035915547,40.00678744090009
8610004378,116.3730079611055,40.00796336333918, * ,8610004378,116.37338840416233,40.00665581531905
0226621063,116.38441019022618,40.14370377086725, * ,0226621063,116.38542939376845,40.14406978870334
8630400539,116.37989264202207,39.68814543398943, * ,8630400539,116.37952723562577,39.68882212385185
0106816730,116.38431734263368,39.8637343682604, * ,0106816730,116.3838387221871,39.863239867117095
0100183161,116.38338665776719,40.00839467815336, * ,0100183161,116.38212517145318,40.00886639066814
0106512700,116.38538411813786,40.05652502942145, * ,0106512700,116.38642922290396,40.05626798356596
0226621063,116.38441019022618,40.14370377086725, * ,0226621063,116.38542939376845,40.14406978870334
0106640313,116.38477278770458,40.152894076803065, * ,0106640313,116.38535155294065,40.15376572425537
0106640313,116.38477278770458,40.152894076803065, * ,0106640313,116.38535155294065,40.15376572425537
8630193870,116.39016106245396,39.66396722043077, * ,8630193870,116.3907005812447,39.66435669763857
8630586717,116.39268553496903,39.96682384645563, * ,8630586717,116.3923453202009,39.96720963055621
0100112649,116.38930217106049,40.03344123056993, * ,0100112649,116.38890077306914,40.03328289762098
8617043053,116.38947639754011,40.05738464473331, * ,8617043053,116.38980469333826,40.05734590181239
8630945361,116.40104419755247,39.89631916199819, * ,8630945361,116.39233319863472,39.895698672332315
8650005884,116.39955578747694,39.96809357856793, * ,8650005884,116.3991677100982,39.968792449368294
8618750781,116.3979561936319,39.98486956391793, * ,8618750781,116.3991258644656,39.9857951141623
0106227060,116.40198112532786,40.073311487747446, * ,0106227060,116.40168105810721,40.07349040858892
8630784721,116.39941539523468,40.082621200113486, * ,8630784721,116.39987460796593,40.08278939198603
8630553167,116.40130514290772,40.17612958171794, * ,8630553167,116.3990702114627,40.175646692919784
8630553167,116.40130514290772,40.17612958171794, * ,8630553167,116.3990702114627,40.175646692919784
8610005922,116.40767007773438,39.839783398836225, * ,8610005922,116.40854613221393,39.8405044707424
0106037142,116.40777425730032,39.888363070155506, * ,0106037142,116.40807730989683,39.88885210511316
0106515909,116.4087171199395,39.90334678375445, * ,0106515909,116.40907803384277,39.9029137629637
8610013570,116.40846830661204,39.943863469665224, * ,8610013570,116.40786537556569,39.944191465697756
0106193098,116.40838698080898,40.04285574448076, * ,0106193098,116.40761890411791,40.042047674519004
8630018387,116.40849467152303,40.048290036113194, * ,8630018387,116.40742271121307,40.048326997414065
8630796703,116.4076367424072,40.04858502354931, * ,8630796703,116.40814369367861,40.048319029891495
0106741571,116.40679170911821,40.063966839561004, * ,0106741571,116.40636866325815,40.06375278527018
8610118997,116.40766369274336,40.071574366037694, * ,8610118997,116.40806271428308,40.07182639873217
8630968257,116.40771962356254,40.071043335587504, * ,8630968257,116.40863564211139,40.07150539064833
0106621943,116.41542043200948,39.85681847884198, * ,0106621943,116.41507763242302,39.8572035990232
8650069293,116.41484281293528,39.95976729620142, * ,8650069293,116.41546264734401,39.9605861539868
0106733881,116.41669808571469,40.04680058438771, * ,0106733881,116.416342234059,40.046532691838195
0106249080,116.41642057746496,40.05730826318306, * ,0106249080,116.41590984880953,40.057459438541805
8630075926,116.41229403253413,40.07165413603585, * ,8630075926,116.4119131418028,40.07172319548258
0100050719,116.41674312192443,40.078417446644465, * ,0100050719,116.41716583556683,40.07795926372443
0100154365,116.41672492996214,40.1157302298737, * ,0100154365,116.41607049389395,40.11753660270193
0106500776,116.41953262012731,40.1342847249092, * ,0106500776,116.42008227463668,40.134593484971894
8631065885,116.42404641265591,39.8881349003538, * ,8631065885,116.42469872528557,39.887657422339785
0106531933,116.42355994836976,39.92800398232488, * ,0106531933,116.42417545382754,39.928623592493615
0100312313,116.4242826734343,40.071719079280854, * ,0100312313,116.42378117084897,40.071913433058505
8610116391,116.41976720971195,40.093505216758174, * ,8610116391,116.42011796758496,40.093555046297176
0106500776,116.41953262012731,40.1342847249092, * ,0106500776,116.42008227463668,40.134593484971894
0106183761,116.4332113543274,39.69055056768248, * ,0106183761,116.43201700955252,39.690196788348445
0106737849,116.4320919757187,39.90364666823152, * ,0106737849,116.43268219413572,39.90405906308577
0106679505,116.43160284395442,39.936516559690304, * ,0106679505,116.43091864394344,39.93554420891781
8630879579,116.4320624230614,40.0007966839113, * ,8630879579,116.43158709482533,40.00090917875128
8630883946,116.43173192247534,40.00111703944855, * ,8630883946,116.4320934106059,40.00103766197445
8630058379,116.4326526490811,40.07148569632173, * ,8630058379,116.43232199162361,40.07049398462841
0106539560,116.44018998772128,39.904700828933244, * ,0106539560,116.43982061663527,39.90432832503144
8630165873,116.43931845206592,39.95867425367865, * ,8630165873,116.44001132630581,39.959700342944245
8630876296,116.44761186620157,39.93606364223047, * ,8630876296,116.44797401010022,39.935703008342294
0106045958,116.44952297250686,40.072804665703785, * ,0106045958,116.44917975567459,40.072706267307616
8630269177,116.44435848077883,40.14417909395852, * ,8630269177,116.4447346369079,40.14368945129387
8630918336,116.45599895976636,39.72656775538899, * ,8630918336,116.45641192479512,39.72698696937295
8630926814,116.45529372524224,40.01790079961561, * ,8630926814,116.45472325360315,40.01830695209423
8630749082,116.45546918180409,40.08767240645255, * ,8630749082,116.45581132613695,40.08798974099519
0106174807,116.46396086995638,39.86296537752846, * ,0106174807,116.46431984769478,39.863330571087424
0106037904,116.46318653093266,40.02354119562579, * ,0106037904,116.4636192746836,40.02371021782459
8630400781,116.46310476745504,40.02350937969885, * ,8630400781,116.46348069415748,40.0237845377325
8630205971,116.46037860819266,40.08602602332268, * ,8630205971,116.46141063896901,40.08581774377105
8630128840,116.46094457058457,40.09831567264852, * ,8630128840,116.46131948771065,40.09823784094447
8630128840,116.46094457058457,40.09831567264852, * ,8630128840,116.46131948771065,40.09823784094447
8630806412,116.47236986090475,40.02331603864403, * ,8630806412,116.47197415135949,40.02327104072529
8630081096,116.46963960301925,40.08545243543571, * ,8630081096,116.47059754224628,40.08555106555529
0106612392,116.47100826385925,40.10947783077565, * ,0106612392,116.47153864269231,40.11027856296693
0106132668,116.47997285493727,39.86348296365155, * ,0106132668,116.48049407169762,39.86383055927946
0106196340,116.4797867548268,40.000250448805, * ,0106196340,116.48023117954484,40.00011423145657
8630870324,116.47850423150634,40.00032592429878, * ,8630870324,116.47949975304988,40.00020922714038
0106853175,116.48967189701374,39.759739607786, * ,0106853175,116.48916867484705,39.75909699512468
0106755161,116.48816019373679,39.80560517189361, * ,0106755161,116.48920345424588,39.80642123070426
0106056718,116.48785263242115,39.91180824363232, * ,0106056718,116.48821039455795,39.912424243183324
0106201973,116.48837861636638,39.94298602937647, * ,0106201973,116.4889215143049,39.94219443384122
8630575300,116.48966767430734,39.941560252363814, * ,8630575300,116.48923038526067,39.94229354633598
0106194702,116.48792748177289,40.00019465574359, * ,0106194702,116.48826719077869,39.99987566635315
0100224353,116.48805394157449,39.99960126716468, * ,0100224353,116.48757079423451,40.00020567873947
8630954712,116.49088959722329,40.03261559507751, * ,8630954712,116.49054600596125,40.03363364535754
8630369886,116.48830336398434,40.057751429328036, * ,8630369886,116.48798359562014,40.05817137218993
8630773314,116.49953471317784,39.678059609716925, * ,8630773314,116.49902569401786,39.67845319522508
8630405102,116.4961445825595,39.766942363223386, * ,8630405102,116.49707598421696,39.76632953555552
0106674678,116.49695865719099,39.808342623837014, * ,0106674678,116.49664280520555,39.807960532493645
0106238808,116.49598527668284,39.90392714044148, * ,0106238808,116.49629206679154,39.90353721310485
8630773314,116.49953471317784,39.678059609716925, * ,8630773314,116.49902569401786,39.67845319522508
8630773314,116.49953471317784,39.678059609716925, * ,8630773314,116.49902569401786,39.67845319522508
8630091904,116.5022924837065,39.80120411531332, * ,8630091904,116.5028890833019,39.80020324273383
0106565118,116.50647535039911,39.80789007856487, * ,0106565118,116.50446715138578,39.80898920152714
8630949507,116.50382346071785,40.00020769264525, * ,8630949507,116.50325458946874,39.99982038478122
0106106745,116.51091961817457,39.720374695401816, * ,0106106745,116.51056292237499,39.71998571306288
0106056245,116.51284309421719,39.783183892579615, * ,0106056245,116.51250144253065,39.78364695549374
0106827514,116.51116541376142,39.823338144122395, * ,0106827514,116.50508254743528,39.831091948737686
8630365183,116.51330638179135,39.92869932195836, * ,8630365183,116.5136729371791,39.92822220879962
0106187110,116.51234223383905,39.98652053882061, * ,0106187110,116.51269894024057,39.98699249233057
0106533108,116.51470566144644,40.02954741871635, * ,0106533108,116.51430116764226,40.02938361444214
0106827739,116.52118202156366,39.78320626988199, * ,0106827739,116.52163541126296,39.78360198803253
0106072756,116.51856674606077,39.800116382043576, * ,0106072756,116.51955701760645,39.79959543319566
0106093156,116.51974614433108,39.79817376203527, * ,0106093156,116.52024737326254,39.798789347365265
8630370116,116.51894234209537,39.88095147502184, * ,8630370116,116.51925225751378,39.88146359121738
8630944006,116.51943632268716,39.91978380440972, * ,8630944006,116.51987084689087,39.92083857667448
0106520841,116.51978621017423,39.92124684157265, * ,0106520841,116.51947328469873,39.92058072982796
8630379118,116.51950488983682,40.0229779241786, * ,8630379118,116.51998020155924,40.02354856010899
0106523136,116.53092494096637,39.67356268947181, * ,0106523136,116.53058407377284,39.67324557389609
8630809487,116.52776529449503,39.676629981511375, * ,8630809487,116.52827144968641,39.67606946933302
8630567878,116.52887045867851,39.6769109354855, * ,8630567878,116.52922935604327,39.67811813528809
8630809487,116.52776529449503,39.676629981511375, * ,8630809487,116.52827144968641,39.67606946933302
8650059981,116.52831549643614,39.78387894717056, * ,8650059981,116.5286562550526,39.78349095933303
8630173486,116.52951439618438,39.78458366902138, * ,8630173486,116.52908983344601,39.7842488191191
8650064812,116.52972556152028,39.783759008570996, * ,8650064812,116.53012522413367,39.784146937419486
0106707742,116.52728601723877,39.83997112269195, * ,0106707742,116.52762386993825,39.84034519564589
8630042368,116.52663227392092,39.85571792308965, * ,8630042368,116.52784902692014,39.85618952140427
0106189617,116.52902970832685,40.00859198339739, * ,0106189617,116.5293914559279,40.00869198136845
0106592442,116.5278955313962,40.023391837917444, * ,0106592442,116.52688013471699,40.023433698949326
0106523136,116.53092494096637,39.67356268947181, * ,0106523136,116.53058407377284,39.67324557389609
0106505173,116.5370353837506,39.75439839413485, * ,0106505173,116.53601069158834,39.754095048505505
8630079943,116.5332892208634,39.831469998341255, * ,8630079943,116.53384140806997,39.831829535965554
0106245351,116.53584363061324,39.96904782115749, * ,0106245351,116.53459953176416,39.96721204969094
0106719938,116.5438788707879,39.7533260339922, * ,0106719938,116.54356983609043,39.75363681843571
8630871945,116.54357455353168,39.80883291310339, * ,8630871945,116.54405016697697,39.809163784724355
8630882776,116.5443628431638,39.92037630326082, * ,8630882776,116.54469980287219,39.920072479901336
8630475986,116.55104467380286,40.008687523777965, * ,8630475986,116.5505629701974,40.008607583111676
8630400787,116.55178848907765,40.01529419701429, * ,8630400787,116.55256442464994,40.01522151769438
8630944317,116.55217246536621,40.01526936392061, * ,8630944317,116.5528287530963,40.015402959829714
8630209093,116.55891643548266,40.07027354275378, * ,8630209093,116.55926063325569,40.07022988244537
0106588368,116.56161939896076,39.77555347715058, * ,0106588368,116.56105455385753,39.77488344293232
0106212006,116.560011810676,39.848444017234705, * ,0106212006,116.56032917066764,39.84905646109579
8630953416,116.5584259211884,40.01600158223778, * ,8630953416,116.55992261308117,40.017202783525256
8630375582,116.55961098646088,40.01445524433513, * ,8630375582,116.55999313586841,40.01461353191927
8630209093,116.55891643548266,40.07027354275378, * ,8630209093,116.55926063325569,40.07022988244537
8630209093,116.55891643548266,40.07027354275378, * ,8630209093,116.55926063325569,40.07022988244537
0106209893,116.56830424197275,39.7936048809088, * ,0106209893,116.56893606996123,39.7933028884158
0106041982,116.56592655734224,39.792326557234745, * ,0106041982,116.56675875965956,39.79069206474461
0106791399,116.57378799328653,39.78416022175372, * ,0106791399,116.57466877522985,39.78486414708985
0106003153,116.57638109960145,39.873544142859366, * ,0106003153,116.57671160691696,39.873153728623535
8630209551,116.57316313930124,39.99990864189265, * ,8630209551,116.57350964919272,40.00025619548189
8630953408,116.58595295059816,40.12940823992579, * ,8630953408,116.58699096518329,40.127827314564506
0106524007,116.58418613442419,39.74791028979973, * ,0106524007,116.58462478517961,39.74821595452831
0106061098,116.58498971934775,39.75856978162741, * ,0106061098,116.58364021200573,39.76103918327333
8630796657,116.58425374130155,39.960127851477004, * ,8630796657,116.58367019169641,39.95946132889466
8630953408,116.58595295059816,40.12940823992579, * ,8630953408,116.58699096518329,40.127827314564506
8630953408,116.58595295059816,40.12940823992579, * ,8630953408,116.58699096518329,40.127827314564506
8630945549,116.58994714931487,39.774221864303506, * ,8630945549,116.59122046273741,39.77391311592294
8630193528,116.59018890278618,39.798159857769186, * ,8630193528,116.58986903282819,39.79779601624848
0106099530,116.59153610527316,39.879876396300276, * ,0106099530,116.59090633924656,39.87934770742687
8630929197,116.59632495991849,40.06389071342455, * ,8630929197,116.59586400842349,40.06359984232321
8630953408,116.58595295059816,40.12940823992579, * ,8630953408,116.58699096518329,40.127827314564506
8630953408,116.58595295059816,40.12940823992579, * ,8630953408,116.58699096518329,40.127827314564506
0106821622,116.59911038031952,39.88809713674529, * ,0106821622,116.59954644753655,39.88860908621561
8630929197,116.59632495991849,40.06389071342455, * ,8630929197,116.59586400842349,40.06359984232321
8630929197,116.59632495991849,40.06389071342455, * ,8630929197,116.59586400842349,40.06359984232321
0106853530,116.6208873362667,39.65862588844956, * ,0106853530,116.61606276160911,39.656012333568626
8631067223,116.61543497133147,39.928355735353826, * ,8631067223,116.61577134641752,39.92883893128468
8630171117,116.61696154621532,39.94559126661791, * ,8630171117,116.61631483618069,39.94505187969962
8630883919,116.61217924949354,40.00271228631007, * ,8630883919,116.6124985410718,40.00310742783638
0106853530,116.6208873362667,39.65862588844956, * ,0106853530,116.61606276160911,39.656012333568626
0106853530,116.6208873362667,39.65862588844956, * ,0106853530,116.61606276160911,39.656012333568626
0106114374,116.62352003610367,39.85243154350522, * ,0106114374,116.62302541120953,39.85273915507031
8617011493,116.62247992475322,39.90422832919883, * ,8617011493,116.62325505022865,39.90507899202402
8610118802,116.63270663365945,39.89517289424431, * ,8610118802,116.63356712908643,39.89474287585255
0106501959,116.63163885548204,39.904223094996496, * ,0106501959,116.63196437416622,39.903828442206255
8650030325,116.63685794794036,40.05578900219945, * ,8650030325,116.63767861911973,40.05620708538275
8630811606,116.6390078535224,39.871883615512516, * ,8630811606,116.63848375171598,39.87156089927032
0106733562,116.63954988616699,39.90419789835034, * ,0106733562,116.63918626042462,39.905190450696686
8650002693,116.64229086807026,40.04524779178066, * ,8650002693,116.64261460941395,40.0455642735926
8650002693,116.64229086807026,40.04524779178066, * ,8650002693,116.64261460941395,40.0455642735926
8650030325,116.63685794794036,40.05578900219945, * ,8650030325,116.63767861911973,40.05620708538275
8650030325,116.63685794794036,40.05578900219945, * ,8650030325,116.63767861911973,40.05620708538275
0106668706,116.65076108976348,39.944578412666985, * ,0106668706,116.64979680608224,39.94498486522282
8650002693,116.64229086807026,40.04524779178066, * ,8650002693,116.64261460941395,40.0455642735926
8650002693,116.64229086807026,40.04524779178066, * ,8650002693,116.64261460941395,40.0455642735926
8650013113,116.65234201150642,39.887492566879274, * ,8650013113,116.65283036546253,39.88865943729766
0226623494,116.6520585322957,39.88931018292717, * ,0226623494,116.65285043367108,39.8888094780232
0106014794,116.65431901302095,39.9125730283014, * ,0106014794,116.65493566546736,39.9133071117568
8630453891,116.66551092832874,39.718128728187075, * ,8630453891,116.66591408021773,39.71852052897197
0106191624,116.6639735463951,39.905409861665234, * ,0106191624,116.6634098960109,39.90443678340663
8630582718,116.65902719431816,40.0026638864783, * ,8630582718,116.65936913749236,40.00299350919702
0106552349,116.67271589514439,39.88160115890959, * ,0106552349,116.67084858015778,39.881042583533464
8630588373,116.68145445666501,39.9044819317104, * ,8630588373,116.680304276575,39.90515676429123
8610114335,116.67725805919642,39.90864108848945, * ,8610114335,116.6762080099432,39.908057053564164
8630806325,116.68812929148848,39.823274064030656, * ,8630806325,116.68865868100583,39.82255100342339
0106734824,116.68865774730503,39.86376956453873, * ,0106734824,116.68919332996983,39.864490603451195
8630108822,116.68659594545555,39.90416467757567, * ,8630108822,116.6852462120412,39.90470815261423
0106191529,116.68624306894938,39.90510505393681, * ,0106191529,116.68585794116795,39.904750311184394
8650064736,116.6877020757778,39.91248512092948, * ,8650064736,116.68911195065442,39.91193873488354
8650013214,116.69689918669457,39.870572978103404, * ,8650013214,116.69762327514044,39.87179532371714
8630261200,116.6967279500476,39.88047518036304, * ,8630261200,116.69705196610518,39.88166381457265
0106629219,116.6949020815256,39.91335842477754, * ,0106629219,116.69537226898287,39.91264624025009
8630448020,116.71620156179173,39.6591772555193, * ,8630448020,116.71586975356523,39.65850967724154
0106571231,116.71057201070151,39.83135229624261, * ,0106571231,116.71091786430792,39.831658839821486
8630448020,116.71620156179173,39.6591772555193, * ,8630448020,116.71586975356523,39.65850967724154
8618758308,116.72327126720633,39.93426971063749, * ,8618758308,116.72284355382926,39.93523824359123
8650003208,116.72190377202868,39.94385245797831, * ,8650003208,116.72159521721011,39.9443501006683
8630944201,116.71760019902831,39.98663566137144, * ,8630944201,116.71697990153088,39.98696683878422
0106613921,116.72379558921408,39.96075237941524, * ,0106613921,116.72335670350878,39.96044985473502
8650069494,116.73705144364429,39.84004724167181, * ,8650069494,116.73670001853868,39.84052401474963
8630454738,116.74934897435583,39.91285520742205, * ,8630454738,116.74884645935698,39.91202302751134
8630944415,116.75160956025921,39.95177333513005, * ,8630944415,116.75268832908374,39.95211953424596
0106196435,116.7646591664656,39.972257440627224, * ,0106196435,116.76505926025713,39.972799339220195
0106187985,116.77528986879034,39.83346053183904, * ,0106187985,116.77593554445383,39.833103056054654
0106851612,116.79220957167249,39.93569528007724, * ,0106851612,116.7927668827886,39.935178566824
8630871190,116.79191708852788,40.03247376717767, * ,8630871190,116.79159841966657,40.032335149196484
